action,|eMailAddress|,|firstName|,|lastName|,|company|,|industry|,|jobRole|,|street1|,|street2|,|state|,|postalCode|,|country|,|gridEval|,|language|,|phone|,|city|,|SecondaryEmail|,|SecondaryFirstName|,|SecondaryLastName|,"secondary_contact_phone|	"
create,dgxtest1@nv.com,userFirstName,UserLastName,nvidia,Other,Other,streetabc,streetdef,AL,123456,US,abcdefghijklm,en,1234567890,sfo,dgxtestsce1@nv.com,secondaryUser,secondaryUser,1234567890
create,dgxtest2@nv.com,userFirstName,UserLastName,nvidia,Other,Other,streetabc,streetdef,AL,123457,US,abcdefghijklm,en,1234567891,sfo,dgxtestsce2@nv.com,secondaryUser,secondaryUser,1234567891
create,dgxtest3@nv.com,userFirstName,UserLastName,nvidia,Other,Other,streetabc,streetdef,AL,123458,US,abcdefghijklm,en,1234567892,sfo,dgxtestsce3@nv.com,secondaryUser,secondaryUser,1234567892
create,dgxtest4@nv.com,userFirstName,UserLastName,nvidia,Other,Other,streetabc,streetdef,AL,123459,US,abcdefghijklm,en,1234567893,sfo,dgxtestsce4@nv.com,secondaryUser,secondaryUser,1234567893
create,dgxtest5@nv.com,userFirstName,UserLastName,nvidia,Other,Other,streetabc,streetdef,AL,123460,US,abcdefghijklm,en,1234567894,sfo,dgxtestsce5@nv.com,secondaryUser,secondaryUser,1234567894
create,dgxtest6@nv.com,userFirstName,UserLastName,nvidia,Other,Other,streetabc,streetdef,AL,123461,US,abcdefghijklm,en,1234567895,sfo,dgxtestsce6@nv.com,secondaryUser,secondaryUser,1234567895
create,dgxtest7@nv.com,userFirstName,UserLastName,nvidia,Other,Other,streetabc,streetdef,AL,123462,US,abcdefghijklm,en,1234567896,sfo,dgxtestsce7@nv.com,secondaryUser,secondaryUser,1234567896
create,dgxtest8@nv.com,userFirstName,UserLastName,nvidia,Other,Other,streetabc,streetdef,AL,123463,US,abcdefghijklm,en,1234567897,sfo,dgxtestsce8@nv.com,secondaryUser,secondaryUser,1234567897
create,dgxtest9@nv.com,userFirstName,UserLastName,nvidia,Other,Other,streetabc,streetdef,AL,123464,US,abcdefghijklm,en,1234567898,sfo,dgxtestsce9@nv.com,secondaryUser,secondaryUser,1234567898
create,dgxtest10@nv.com,userFirstName,UserLastName,nvidia,Other,Other,streetabc,streetdef,AL,123465,US,abcdefghijklm,en,1234567899,sfo,dgxtestsce10@nv.com,secondaryUser,secondaryUser,1234567899
create,dgxtest11@nv.com,userFirstName,UserLastName,nvidia,Other,Other,streetabc,streetdef,AL,123466,US,abcdefghijklm,en,1234567900,sfo,dgxtestsce11@nv.com,secondaryUser,secondaryUser,1234567900
create,dgxtest12@nv.com,userFirstName,UserLastName,nvidia,Other,Other,streetabc,streetdef,AL,123467,US,abcdefghijklm,en,1234567901,sfo,dgxtestsce12@nv.com,secondaryUser,secondaryUser,1234567901
create,dgxtest13@nv.com,userFirstName,UserLastName,nvidia,Other,Other,streetabc,streetdef,AL,123468,US,abcdefghijklm,en,1234567902,sfo,dgxtestsce13@nv.com,secondaryUser,secondaryUser,1234567902
create,dgxtest14@nv.com,userFirstName,UserLastName,nvidia,Other,Other,streetabc,streetdef,AL,123469,US,abcdefghijklm,en,1234567903,sfo,dgxtestsce14@nv.com,secondaryUser,secondaryUser,1234567903
create,dgxtest15@nv.com,userFirstName,UserLastName,nvidia,Other,Other,streetabc,streetdef,AL,123470,US,abcdefghijklm,en,1234567904,sfo,dgxtestsce15@nv.com,secondaryUser,secondaryUser,1234567904
create,dgxtest16@nv.com,userFirstName,UserLastName,nvidia,Other,Other,streetabc,streetdef,AL,123471,US,abcdefghijklm,en,1234567905,sfo,dgxtestsce16@nv.com,secondaryUser,secondaryUser,1234567905
create,dgxtest17@nv.com,userFirstName,UserLastName,nvidia,Other,Other,streetabc,streetdef,AL,123472,US,abcdefghijklm,en,1234567906,sfo,dgxtestsce17@nv.com,secondaryUser,secondaryUser,1234567906
create,dgxtest18@nv.com,userFirstName,UserLastName,nvidia,Other,Other,streetabc,streetdef,AL,123473,US,abcdefghijklm,en,1234567907,sfo,dgxtestsce18@nv.com,secondaryUser,secondaryUser,1234567907
create,dgxtest19@nv.com,userFirstName,UserLastName,nvidia,Other,Other,streetabc,streetdef,AL,123474,US,abcdefghijklm,en,1234567908,sfo,dgxtestsce19@nv.com,secondaryUser,secondaryUser,1234567908
create,dgxtest20@nv.com,userFirstName,UserLastName,nvidia,Other,Other,streetabc,streetdef,AL,123475,US,abcdefghijklm,en,1234567909,sfo,dgxtestsce20@nv.com,secondaryUser,secondaryUser,1234567909
create,dgxtest21@nv.com,userFirstName,UserLastName,nvidia,Other,Other,streetabc,streetdef,AL,123476,US,abcdefghijklm,en,1234567910,sfo,dgxtestsce21@nv.com,secondaryUser,secondaryUser,1234567910
create,dgxtest22@nv.com,userFirstName,UserLastName,nvidia,Other,Other,streetabc,streetdef,AL,123477,US,abcdefghijklm,en,1234567911,sfo,dgxtestsce22@nv.com,secondaryUser,secondaryUser,1234567911
create,dgxtest23@nv.com,userFirstName,UserLastName,nvidia,Other,Other,streetabc,streetdef,AL,123478,US,abcdefghijklm,en,1234567912,sfo,dgxtestsce23@nv.com,secondaryUser,secondaryUser,1234567912
create,dgxtest24@nv.com,userFirstName,UserLastName,nvidia,Other,Other,streetabc,streetdef,AL,123479,US,abcdefghijklm,en,1234567913,sfo,dgxtestsce24@nv.com,secondaryUser,secondaryUser,1234567913
create,dgxtest25@nv.com,userFirstName,UserLastName,nvidia,Other,Other,streetabc,streetdef,AL,123480,US,abcdefghijklm,en,1234567914,sfo,dgxtestsce25@nv.com,secondaryUser,secondaryUser,1234567914
create,dgxtest26@nv.com,userFirstName,UserLastName,nvidia,Other,Other,streetabc,streetdef,AL,123481,US,abcdefghijklm,en,1234567915,sfo,dgxtestsce26@nv.com,secondaryUser,secondaryUser,1234567915
create,dgxtest27@nv.com,userFirstName,UserLastName,nvidia,Other,Other,streetabc,streetdef,AL,123482,US,abcdefghijklm,en,1234567916,sfo,dgxtestsce27@nv.com,secondaryUser,secondaryUser,1234567916
create,dgxtest28@nv.com,userFirstName,UserLastName,nvidia,Other,Other,streetabc,streetdef,AL,123483,US,abcdefghijklm,en,1234567917,sfo,dgxtestsce28@nv.com,secondaryUser,secondaryUser,1234567917
create,dgxtest29@nv.com,userFirstName,UserLastName,nvidia,Other,Other,streetabc,streetdef,AL,123484,US,abcdefghijklm,en,1234567918,sfo,dgxtestsce29@nv.com,secondaryUser,secondaryUser,1234567918
create,dgxtest30@nv.com,userFirstName,UserLastName,nvidia,Other,Other,streetabc,streetdef,AL,123485,US,abcdefghijklm,en,1234567919,sfo,dgxtestsce30@nv.com,secondaryUser,secondaryUser,1234567919
create,dgxtest31@nv.com,userFirstName,UserLastName,nvidia,Other,Other,streetabc,streetdef,AL,123486,US,abcdefghijklm,en,1234567920,sfo,dgxtestsce31@nv.com,secondaryUser,secondaryUser,1234567920
create,dgxtest32@nv.com,userFirstName,UserLastName,nvidia,Other,Other,streetabc,streetdef,AL,123487,US,abcdefghijklm,en,1234567921,sfo,dgxtestsce32@nv.com,secondaryUser,secondaryUser,1234567921
create,dgxtest33@nv.com,userFirstName,UserLastName,nvidia,Other,Other,streetabc,streetdef,AL,123488,US,abcdefghijklm,en,1234567922,sfo,dgxtestsce33@nv.com,secondaryUser,secondaryUser,1234567922
create,dgxtest34@nv.com,userFirstName,UserLastName,nvidia,Other,Other,streetabc,streetdef,AL,123489,US,abcdefghijklm,en,1234567923,sfo,dgxtestsce34@nv.com,secondaryUser,secondaryUser,1234567923
create,dgxtest35@nv.com,userFirstName,UserLastName,nvidia,Other,Other,streetabc,streetdef,AL,123490,US,abcdefghijklm,en,1234567924,sfo,dgxtestsce35@nv.com,secondaryUser,secondaryUser,1234567924
create,dgxtest36@nv.com,userFirstName,UserLastName,nvidia,Other,Other,streetabc,streetdef,AL,123491,US,abcdefghijklm,en,1234567925,sfo,dgxtestsce36@nv.com,secondaryUser,secondaryUser,1234567925
create,dgxtest37@nv.com,userFirstName,UserLastName,nvidia,Other,Other,streetabc,streetdef,AL,123492,US,abcdefghijklm,en,1234567926,sfo,dgxtestsce37@nv.com,secondaryUser,secondaryUser,1234567926
create,dgxtest38@nv.com,userFirstName,UserLastName,nvidia,Other,Other,streetabc,streetdef,AL,123493,US,abcdefghijklm,en,1234567927,sfo,dgxtestsce38@nv.com,secondaryUser,secondaryUser,1234567927
create,dgxtest39@nv.com,userFirstName,UserLastName,nvidia,Other,Other,streetabc,streetdef,AL,123494,US,abcdefghijklm,en,1234567928,sfo,dgxtestsce39@nv.com,secondaryUser,secondaryUser,1234567928
create,dgxtest40@nv.com,userFirstName,UserLastName,nvidia,Other,Other,streetabc,streetdef,AL,123495,US,abcdefghijklm,en,1234567929,sfo,dgxtestsce40@nv.com,secondaryUser,secondaryUser,1234567929
create,dgxtest41@nv.com,userFirstName,UserLastName,nvidia,Other,Other,streetabc,streetdef,AL,123496,US,abcdefghijklm,en,1234567930,sfo,dgxtestsce41@nv.com,secondaryUser,secondaryUser,1234567930
create,dgxtest42@nv.com,userFirstName,UserLastName,nvidia,Other,Other,streetabc,streetdef,AL,123497,US,abcdefghijklm,en,1234567931,sfo,dgxtestsce42@nv.com,secondaryUser,secondaryUser,1234567931
create,dgxtest43@nv.com,userFirstName,UserLastName,nvidia,Other,Other,streetabc,streetdef,AL,123498,US,abcdefghijklm,en,1234567932,sfo,dgxtestsce43@nv.com,secondaryUser,secondaryUser,1234567932
create,dgxtest44@nv.com,userFirstName,UserLastName,nvidia,Other,Other,streetabc,streetdef,AL,123499,US,abcdefghijklm,en,1234567933,sfo,dgxtestsce44@nv.com,secondaryUser,secondaryUser,1234567933
create,dgxtest45@nv.com,userFirstName,UserLastName,nvidia,Other,Other,streetabc,streetdef,AL,123500,US,abcdefghijklm,en,1234567934,sfo,dgxtestsce45@nv.com,secondaryUser,secondaryUser,1234567934
create,dgxtest46@nv.com,userFirstName,UserLastName,nvidia,Other,Other,streetabc,streetdef,AL,123501,US,abcdefghijklm,en,1234567935,sfo,dgxtestsce46@nv.com,secondaryUser,secondaryUser,1234567935
create,dgxtest47@nv.com,userFirstName,UserLastName,nvidia,Other,Other,streetabc,streetdef,AL,123502,US,abcdefghijklm,en,1234567936,sfo,dgxtestsce47@nv.com,secondaryUser,secondaryUser,1234567936
create,dgxtest48@nv.com,userFirstName,UserLastName,nvidia,Other,Other,streetabc,streetdef,AL,123503,US,abcdefghijklm,en,1234567937,sfo,dgxtestsce48@nv.com,secondaryUser,secondaryUser,1234567937
create,dgxtest49@nv.com,userFirstName,UserLastName,nvidia,Other,Other,streetabc,streetdef,AL,123504,US,abcdefghijklm,en,1234567938,sfo,dgxtestsce49@nv.com,secondaryUser,secondaryUser,1234567938
create,dgxtest50@nv.com,userFirstName,UserLastName,nvidia,Other,Other,streetabc,streetdef,AL,123505,US,abcdefghijklm,en,1234567939,sfo,dgxtestsce50@nv.com,secondaryUser,secondaryUser,1234567939
create,dgxtest51@nv.com,userFirstName,UserLastName,nvidia,Other,Other,streetabc,streetdef,AL,123506,US,abcdefghijklm,en,1234567940,sfo,dgxtestsce51@nv.com,secondaryUser,secondaryUser,1234567940
create,dgxtest52@nv.com,userFirstName,UserLastName,nvidia,Other,Other,streetabc,streetdef,AL,123507,US,abcdefghijklm,en,1234567941,sfo,dgxtestsce52@nv.com,secondaryUser,secondaryUser,1234567941
create,dgxtest53@nv.com,userFirstName,UserLastName,nvidia,Other,Other,streetabc,streetdef,AL,123508,US,abcdefghijklm,en,1234567942,sfo,dgxtestsce53@nv.com,secondaryUser,secondaryUser,1234567942
create,dgxtest54@nv.com,userFirstName,UserLastName,nvidia,Other,Other,streetabc,streetdef,AL,123509,US,abcdefghijklm,en,1234567943,sfo,dgxtestsce54@nv.com,secondaryUser,secondaryUser,1234567943
create,dgxtest55@nv.com,userFirstName,UserLastName,nvidia,Other,Other,streetabc,streetdef,AL,123510,US,abcdefghijklm,en,1234567944,sfo,dgxtestsce55@nv.com,secondaryUser,secondaryUser,1234567944
create,dgxtest56@nv.com,userFirstName,UserLastName,nvidia,Other,Other,streetabc,streetdef,AL,123511,US,abcdefghijklm,en,1234567945,sfo,dgxtestsce56@nv.com,secondaryUser,secondaryUser,1234567945
create,dgxtest57@nv.com,userFirstName,UserLastName,nvidia,Other,Other,streetabc,streetdef,AL,123512,US,abcdefghijklm,en,1234567946,sfo,dgxtestsce57@nv.com,secondaryUser,secondaryUser,1234567946
create,dgxtest58@nv.com,userFirstName,UserLastName,nvidia,Other,Other,streetabc,streetdef,AL,123513,US,abcdefghijklm,en,1234567947,sfo,dgxtestsce58@nv.com,secondaryUser,secondaryUser,1234567947
create,dgxtest59@nv.com,userFirstName,UserLastName,nvidia,Other,Other,streetabc,streetdef,AL,123514,US,abcdefghijklm,en,1234567948,sfo,dgxtestsce59@nv.com,secondaryUser,secondaryUser,1234567948
create,dgxtest60@nv.com,userFirstName,UserLastName,nvidia,Other,Other,streetabc,streetdef,AL,123515,US,abcdefghijklm,en,1234567949,sfo,dgxtestsce60@nv.com,secondaryUser,secondaryUser,1234567949
create,dgxtest61@nv.com,userFirstName,UserLastName,nvidia,Other,Other,streetabc,streetdef,AL,123516,US,abcdefghijklm,en,1234567950,sfo,dgxtestsce61@nv.com,secondaryUser,secondaryUser,1234567950
create,dgxtest62@nv.com,userFirstName,UserLastName,nvidia,Other,Other,streetabc,streetdef,AL,123517,US,abcdefghijklm,en,1234567951,sfo,dgxtestsce62@nv.com,secondaryUser,secondaryUser,1234567951
create,dgxtest63@nv.com,userFirstName,UserLastName,nvidia,Other,Other,streetabc,streetdef,AL,123518,US,abcdefghijklm,en,1234567952,sfo,dgxtestsce63@nv.com,secondaryUser,secondaryUser,1234567952
create,dgxtest64@nv.com,userFirstName,UserLastName,nvidia,Other,Other,streetabc,streetdef,AL,123519,US,abcdefghijklm,en,1234567953,sfo,dgxtestsce64@nv.com,secondaryUser,secondaryUser,1234567953
create,dgxtest65@nv.com,userFirstName,UserLastName,nvidia,Other,Other,streetabc,streetdef,AL,123520,US,abcdefghijklm,en,1234567954,sfo,dgxtestsce65@nv.com,secondaryUser,secondaryUser,1234567954
create,dgxtest66@nv.com,userFirstName,UserLastName,nvidia,Other,Other,streetabc,streetdef,AL,123521,US,abcdefghijklm,en,1234567955,sfo,dgxtestsce66@nv.com,secondaryUser,secondaryUser,1234567955
create,dgxtest67@nv.com,userFirstName,UserLastName,nvidia,Other,Other,streetabc,streetdef,AL,123522,US,abcdefghijklm,en,1234567956,sfo,dgxtestsce67@nv.com,secondaryUser,secondaryUser,1234567956
create,dgxtest68@nv.com,userFirstName,UserLastName,nvidia,Other,Other,streetabc,streetdef,AL,123523,US,abcdefghijklm,en,1234567957,sfo,dgxtestsce68@nv.com,secondaryUser,secondaryUser,1234567957
create,dgxtest69@nv.com,userFirstName,UserLastName,nvidia,Other,Other,streetabc,streetdef,AL,123524,US,abcdefghijklm,en,1234567958,sfo,dgxtestsce69@nv.com,secondaryUser,secondaryUser,1234567958
create,dgxtest70@nv.com,userFirstName,UserLastName,nvidia,Other,Other,streetabc,streetdef,AL,123525,US,abcdefghijklm,en,1234567959,sfo,dgxtestsce70@nv.com,secondaryUser,secondaryUser,1234567959
create,dgxtest71@nv.com,userFirstName,UserLastName,nvidia,Other,Other,streetabc,streetdef,AL,123526,US,abcdefghijklm,en,1234567960,sfo,dgxtestsce71@nv.com,secondaryUser,secondaryUser,1234567960
create,dgxtest72@nv.com,userFirstName,UserLastName,nvidia,Other,Other,streetabc,streetdef,AL,123527,US,abcdefghijklm,en,1234567961,sfo,dgxtestsce72@nv.com,secondaryUser,secondaryUser,1234567961
create,dgxtest73@nv.com,userFirstName,UserLastName,nvidia,Other,Other,streetabc,streetdef,AL,123528,US,abcdefghijklm,en,1234567962,sfo,dgxtestsce73@nv.com,secondaryUser,secondaryUser,1234567962
create,dgxtest74@nv.com,userFirstName,UserLastName,nvidia,Other,Other,streetabc,streetdef,AL,123529,US,abcdefghijklm,en,1234567963,sfo,dgxtestsce74@nv.com,secondaryUser,secondaryUser,1234567963
create,dgxtest75@nv.com,userFirstName,UserLastName,nvidia,Other,Other,streetabc,streetdef,AL,123530,US,abcdefghijklm,en,1234567964,sfo,dgxtestsce75@nv.com,secondaryUser,secondaryUser,1234567964
create,dgxtest76@nv.com,userFirstName,UserLastName,nvidia,Other,Other,streetabc,streetdef,AL,123531,US,abcdefghijklm,en,1234567965,sfo,dgxtestsce76@nv.com,secondaryUser,secondaryUser,1234567965
create,dgxtest77@nv.com,userFirstName,UserLastName,nvidia,Other,Other,streetabc,streetdef,AL,123532,US,abcdefghijklm,en,1234567966,sfo,dgxtestsce77@nv.com,secondaryUser,secondaryUser,1234567966
create,dgxtest78@nv.com,userFirstName,UserLastName,nvidia,Other,Other,streetabc,streetdef,AL,123533,US,abcdefghijklm,en,1234567967,sfo,dgxtestsce78@nv.com,secondaryUser,secondaryUser,1234567967
create,dgxtest79@nv.com,userFirstName,UserLastName,nvidia,Other,Other,streetabc,streetdef,AL,123534,US,abcdefghijklm,en,1234567968,sfo,dgxtestsce79@nv.com,secondaryUser,secondaryUser,1234567968
create,dgxtest80@nv.com,userFirstName,UserLastName,nvidia,Other,Other,streetabc,streetdef,AL,123535,US,abcdefghijklm,en,1234567969,sfo,dgxtestsce80@nv.com,secondaryUser,secondaryUser,1234567969
create,dgxtest81@nv.com,userFirstName,UserLastName,nvidia,Other,Other,streetabc,streetdef,AL,123536,US,abcdefghijklm,en,1234567970,sfo,dgxtestsce81@nv.com,secondaryUser,secondaryUser,1234567970
create,dgxtest82@nv.com,userFirstName,UserLastName,nvidia,Other,Other,streetabc,streetdef,AL,123537,US,abcdefghijklm,en,1234567971,sfo,dgxtestsce82@nv.com,secondaryUser,secondaryUser,1234567971
create,dgxtest83@nv.com,userFirstName,UserLastName,nvidia,Other,Other,streetabc,streetdef,AL,123538,US,abcdefghijklm,en,1234567972,sfo,dgxtestsce83@nv.com,secondaryUser,secondaryUser,1234567972
create,dgxtest84@nv.com,userFirstName,UserLastName,nvidia,Other,Other,streetabc,streetdef,AL,123539,US,abcdefghijklm,en,1234567973,sfo,dgxtestsce84@nv.com,secondaryUser,secondaryUser,1234567973
create,dgxtest85@nv.com,userFirstName,UserLastName,nvidia,Other,Other,streetabc,streetdef,AL,123540,US,abcdefghijklm,en,1234567974,sfo,dgxtestsce85@nv.com,secondaryUser,secondaryUser,1234567974
create,dgxtest86@nv.com,userFirstName,UserLastName,nvidia,Other,Other,streetabc,streetdef,AL,123541,US,abcdefghijklm,en,1234567975,sfo,dgxtestsce86@nv.com,secondaryUser,secondaryUser,1234567975
create,dgxtest87@nv.com,userFirstName,UserLastName,nvidia,Other,Other,streetabc,streetdef,AL,123542,US,abcdefghijklm,en,1234567976,sfo,dgxtestsce87@nv.com,secondaryUser,secondaryUser,1234567976
create,dgxtest88@nv.com,userFirstName,UserLastName,nvidia,Other,Other,streetabc,streetdef,AL,123543,US,abcdefghijklm,en,1234567977,sfo,dgxtestsce88@nv.com,secondaryUser,secondaryUser,1234567977
create,dgxtest89@nv.com,userFirstName,UserLastName,nvidia,Other,Other,streetabc,streetdef,AL,123544,US,abcdefghijklm,en,1234567978,sfo,dgxtestsce89@nv.com,secondaryUser,secondaryUser,1234567978
create,dgxtest90@nv.com,userFirstName,UserLastName,nvidia,Other,Other,streetabc,streetdef,AL,123545,US,abcdefghijklm,en,1234567979,sfo,dgxtestsce90@nv.com,secondaryUser,secondaryUser,1234567979
create,dgxtest91@nv.com,userFirstName,UserLastName,nvidia,Other,Other,streetabc,streetdef,AL,123546,US,abcdefghijklm,en,1234567980,sfo,dgxtestsce91@nv.com,secondaryUser,secondaryUser,1234567980
create,dgxtest92@nv.com,userFirstName,UserLastName,nvidia,Other,Other,streetabc,streetdef,AL,123547,US,abcdefghijklm,en,1234567981,sfo,dgxtestsce92@nv.com,secondaryUser,secondaryUser,1234567981
create,dgxtest93@nv.com,userFirstName,UserLastName,nvidia,Other,Other,streetabc,streetdef,AL,123548,US,abcdefghijklm,en,1234567982,sfo,dgxtestsce93@nv.com,secondaryUser,secondaryUser,1234567982
create,dgxtest94@nv.com,userFirstName,UserLastName,nvidia,Other,Other,streetabc,streetdef,AL,123549,US,abcdefghijklm,en,1234567983,sfo,dgxtestsce94@nv.com,secondaryUser,secondaryUser,1234567983
create,dgxtest95@nv.com,userFirstName,UserLastName,nvidia,Other,Other,streetabc,streetdef,AL,123550,US,abcdefghijklm,en,1234567984,sfo,dgxtestsce95@nv.com,secondaryUser,secondaryUser,1234567984
create,dgxtest96@nv.com,userFirstName,UserLastName,nvidia,Other,Other,streetabc,streetdef,AL,123551,US,abcdefghijklm,en,1234567985,sfo,dgxtestsce96@nv.com,secondaryUser,secondaryUser,1234567985
create,dgxtest97@nv.com,userFirstName,UserLastName,nvidia,Other,Other,streetabc,streetdef,AL,123552,US,abcdefghijklm,en,1234567986,sfo,dgxtestsce97@nv.com,secondaryUser,secondaryUser,1234567986
create,dgxtest98@nv.com,userFirstName,UserLastName,nvidia,Other,Other,streetabc,streetdef,AL,123553,US,abcdefghijklm,en,1234567987,sfo,dgxtestsce98@nv.com,secondaryUser,secondaryUser,1234567987
create,dgxtest99@nv.com,userFirstName,UserLastName,nvidia,Other,Other,streetabc,streetdef,AL,123554,US,abcdefghijklm,en,1234567988,sfo,dgxtestsce99@nv.com,secondaryUser,secondaryUser,1234567988
