action,|eMailAddress|,|firstName|,|lastName|,|company|,|industry|,|jobRole|,|street1|,|street2|,|state|,|postalCode|,|country|,|gridEval|,|language|,|phone|,|city|
create,gridtest1@nv.com,userFirstName,UserLastName,nvidia,Other,Other,streetabc,streetdef,AL,123456,US,abcdefghijklm,en,1234567890,sfo
create,gridtest2@nv.com,userFirstName,UserLastName,nvidia,Other,Other,streetabc,streetdef,AL,123457,US,abcdefghijklm,en,1234567891,sfo
create,gridtest3@nv.com,userFirstName,UserLastName,nvidia,Other,Other,streetabc,streetdef,AL,123458,US,abcdefghijklm,en,1234567892,sfo
create,gridtest4@nv.com,userFirstName,UserLastName,nvidia,Other,Other,streetabc,streetdef,AL,123459,US,abcdefghijklm,en,1234567893,sfo
create,gridtest5@nv.com,userFirstName,UserLastName,nvidia,Other,Other,streetabc,streetdef,AL,123460,US,abcdefghijklm,en,1234567894,sfo
create,gridtest6@nv.com,userFirstName,UserLastName,nvidia,Other,Other,streetabc,streetdef,AL,123461,US,abcdefghijklm,en,1234567895,sfo
create,gridtest7@nv.com,userFirstName,UserLastName,nvidia,Other,Other,streetabc,streetdef,AL,123462,US,abcdefghijklm,en,1234567896,sfo
create,gridtest8@nv.com,userFirstName,UserLastName,nvidia,Other,Other,streetabc,streetdef,AL,123463,US,abcdefghijklm,en,1234567897,sfo
create,gridtest9@nv.com,userFirstName,UserLastName,nvidia,Other,Other,streetabc,streetdef,AL,123464,US,abcdefghijklm,en,1234567898,sfo
create,gridtest10@nv.com,userFirstName,UserLastName,nvidia,Other,Other,streetabc,streetdef,AL,123465,US,abcdefghijklm,en,1234567899,sfo
create,gridtest11@nv.com,userFirstName,UserLastName,nvidia,Other,Other,streetabc,streetdef,AL,123466,US,abcdefghijklm,en,1234567900,sfo
create,gridtest12@nv.com,userFirstName,UserLastName,nvidia,Other,Other,streetabc,streetdef,AL,123467,US,abcdefghijklm,en,1234567901,sfo
create,gridtest13@nv.com,userFirstName,UserLastName,nvidia,Other,Other,streetabc,streetdef,AL,123468,US,abcdefghijklm,en,1234567902,sfo
create,gridtest14@nv.com,userFirstName,UserLastName,nvidia,Other,Other,streetabc,streetdef,AL,123469,US,abcdefghijklm,en,1234567903,sfo
create,gridtest15@nv.com,userFirstName,UserLastName,nvidia,Other,Other,streetabc,streetdef,AL,123470,US,abcdefghijklm,en,1234567904,sfo
create,gridtest16@nv.com,userFirstName,UserLastName,nvidia,Other,Other,streetabc,streetdef,AL,123471,US,abcdefghijklm,en,1234567905,sfo
create,gridtest17@nv.com,userFirstName,UserLastName,nvidia,Other,Other,streetabc,streetdef,AL,123472,US,abcdefghijklm,en,1234567906,sfo
create,gridtest18@nv.com,userFirstName,UserLastName,nvidia,Other,Other,streetabc,streetdef,AL,123473,US,abcdefghijklm,en,1234567907,sfo
create,gridtest19@nv.com,userFirstName,UserLastName,nvidia,Other,Other,streetabc,streetdef,AL,123474,US,abcdefghijklm,en,1234567908,sfo
create,gridtest20@nv.com,userFirstName,UserLastName,nvidia,Other,Other,streetabc,streetdef,AL,123475,US,abcdefghijklm,en,1234567909,sfo
create,gridtest21@nv.com,userFirstName,UserLastName,nvidia,Other,Other,streetabc,streetdef,AL,123476,US,abcdefghijklm,en,1234567910,sfo
create,gridtest22@nv.com,userFirstName,UserLastName,nvidia,Other,Other,streetabc,streetdef,AL,123477,US,abcdefghijklm,en,1234567911,sfo
create,gridtest23@nv.com,userFirstName,UserLastName,nvidia,Other,Other,streetabc,streetdef,AL,123478,US,abcdefghijklm,en,1234567912,sfo
create,gridtest24@nv.com,userFirstName,UserLastName,nvidia,Other,Other,streetabc,streetdef,AL,123479,US,abcdefghijklm,en,1234567913,sfo
create,gridtest25@nv.com,userFirstName,UserLastName,nvidia,Other,Other,streetabc,streetdef,AL,123480,US,abcdefghijklm,en,1234567914,sfo
create,gridtest26@nv.com,userFirstName,UserLastName,nvidia,Other,Other,streetabc,streetdef,AL,123481,US,abcdefghijklm,en,1234567915,sfo
create,gridtest27@nv.com,userFirstName,UserLastName,nvidia,Other,Other,streetabc,streetdef,AL,123482,US,abcdefghijklm,en,1234567916,sfo
create,gridtest28@nv.com,userFirstName,UserLastName,nvidia,Other,Other,streetabc,streetdef,AL,123483,US,abcdefghijklm,en,1234567917,sfo
create,gridtest29@nv.com,userFirstName,UserLastName,nvidia,Other,Other,streetabc,streetdef,AL,123484,US,abcdefghijklm,en,1234567918,sfo
create,gridtest30@nv.com,userFirstName,UserLastName,nvidia,Other,Other,streetabc,streetdef,AL,123485,US,abcdefghijklm,en,1234567919,sfo
create,gridtest31@nv.com,userFirstName,UserLastName,nvidia,Other,Other,streetabc,streetdef,AL,123486,US,abcdefghijklm,en,1234567920,sfo
create,gridtest32@nv.com,userFirstName,UserLastName,nvidia,Other,Other,streetabc,streetdef,AL,123487,US,abcdefghijklm,en,1234567921,sfo
create,gridtest33@nv.com,userFirstName,UserLastName,nvidia,Other,Other,streetabc,streetdef,AL,123488,US,abcdefghijklm,en,1234567922,sfo
create,gridtest34@nv.com,userFirstName,UserLastName,nvidia,Other,Other,streetabc,streetdef,AL,123489,US,abcdefghijklm,en,1234567923,sfo
create,gridtest35@nv.com,userFirstName,UserLastName,nvidia,Other,Other,streetabc,streetdef,AL,123490,US,abcdefghijklm,en,1234567924,sfo
create,gridtest36@nv.com,userFirstName,UserLastName,nvidia,Other,Other,streetabc,streetdef,AL,123491,US,abcdefghijklm,en,1234567925,sfo
create,gridtest37@nv.com,userFirstName,UserLastName,nvidia,Other,Other,streetabc,streetdef,AL,123492,US,abcdefghijklm,en,1234567926,sfo
create,gridtest38@nv.com,userFirstName,UserLastName,nvidia,Other,Other,streetabc,streetdef,AL,123493,US,abcdefghijklm,en,1234567927,sfo
create,gridtest39@nv.com,userFirstName,UserLastName,nvidia,Other,Other,streetabc,streetdef,AL,123494,US,abcdefghijklm,en,1234567928,sfo
create,gridtest40@nv.com,userFirstName,UserLastName,nvidia,Other,Other,streetabc,streetdef,AL,123495,US,abcdefghijklm,en,1234567929,sfo
create,gridtest41@nv.com,userFirstName,UserLastName,nvidia,Other,Other,streetabc,streetdef,AL,123496,US,abcdefghijklm,en,1234567930,sfo
create,gridtest42@nv.com,userFirstName,UserLastName,nvidia,Other,Other,streetabc,streetdef,AL,123497,US,abcdefghijklm,en,1234567931,sfo
create,gridtest43@nv.com,userFirstName,UserLastName,nvidia,Other,Other,streetabc,streetdef,AL,123498,US,abcdefghijklm,en,1234567932,sfo
create,gridtest44@nv.com,userFirstName,UserLastName,nvidia,Other,Other,streetabc,streetdef,AL,123499,US,abcdefghijklm,en,1234567933,sfo
create,gridtest45@nv.com,userFirstName,UserLastName,nvidia,Other,Other,streetabc,streetdef,AL,123500,US,abcdefghijklm,en,1234567934,sfo
create,gridtest46@nv.com,userFirstName,UserLastName,nvidia,Other,Other,streetabc,streetdef,AL,123501,US,abcdefghijklm,en,1234567935,sfo
create,gridtest47@nv.com,userFirstName,UserLastName,nvidia,Other,Other,streetabc,streetdef,AL,123502,US,abcdefghijklm,en,1234567936,sfo
create,gridtest48@nv.com,userFirstName,UserLastName,nvidia,Other,Other,streetabc,streetdef,AL,123503,US,abcdefghijklm,en,1234567937,sfo
create,gridtest49@nv.com,userFirstName,UserLastName,nvidia,Other,Other,streetabc,streetdef,AL,123504,US,abcdefghijklm,en,1234567938,sfo
create,gridtest50@nv.com,userFirstName,UserLastName,nvidia,Other,Other,streetabc,streetdef,AL,123505,US,abcdefghijklm,en,1234567939,sfo
create,gridtest51@nv.com,userFirstName,UserLastName,nvidia,Other,Other,streetabc,streetdef,AL,123506,US,abcdefghijklm,en,1234567940,sfo
create,gridtest52@nv.com,userFirstName,UserLastName,nvidia,Other,Other,streetabc,streetdef,AL,123507,US,abcdefghijklm,en,1234567941,sfo
create,gridtest53@nv.com,userFirstName,UserLastName,nvidia,Other,Other,streetabc,streetdef,AL,123508,US,abcdefghijklm,en,1234567942,sfo
create,gridtest54@nv.com,userFirstName,UserLastName,nvidia,Other,Other,streetabc,streetdef,AL,123509,US,abcdefghijklm,en,1234567943,sfo
create,gridtest55@nv.com,userFirstName,UserLastName,nvidia,Other,Other,streetabc,streetdef,AL,123510,US,abcdefghijklm,en,1234567944,sfo
create,gridtest56@nv.com,userFirstName,UserLastName,nvidia,Other,Other,streetabc,streetdef,AL,123511,US,abcdefghijklm,en,1234567945,sfo
create,gridtest57@nv.com,userFirstName,UserLastName,nvidia,Other,Other,streetabc,streetdef,AL,123512,US,abcdefghijklm,en,1234567946,sfo
create,gridtest58@nv.com,userFirstName,UserLastName,nvidia,Other,Other,streetabc,streetdef,AL,123513,US,abcdefghijklm,en,1234567947,sfo
create,gridtest59@nv.com,userFirstName,UserLastName,nvidia,Other,Other,streetabc,streetdef,AL,123514,US,abcdefghijklm,en,1234567948,sfo
create,gridtest60@nv.com,userFirstName,UserLastName,nvidia,Other,Other,streetabc,streetdef,AL,123515,US,abcdefghijklm,en,1234567949,sfo
create,gridtest61@nv.com,userFirstName,UserLastName,nvidia,Other,Other,streetabc,streetdef,AL,123516,US,abcdefghijklm,en,1234567950,sfo
create,gridtest62@nv.com,userFirstName,UserLastName,nvidia,Other,Other,streetabc,streetdef,AL,123517,US,abcdefghijklm,en,1234567951,sfo
create,gridtest63@nv.com,userFirstName,UserLastName,nvidia,Other,Other,streetabc,streetdef,AL,123518,US,abcdefghijklm,en,1234567952,sfo
create,gridtest64@nv.com,userFirstName,UserLastName,nvidia,Other,Other,streetabc,streetdef,AL,123519,US,abcdefghijklm,en,1234567953,sfo
create,gridtest65@nv.com,userFirstName,UserLastName,nvidia,Other,Other,streetabc,streetdef,AL,123520,US,abcdefghijklm,en,1234567954,sfo
create,gridtest66@nv.com,userFirstName,UserLastName,nvidia,Other,Other,streetabc,streetdef,AL,123521,US,abcdefghijklm,en,1234567955,sfo
create,gridtest67@nv.com,userFirstName,UserLastName,nvidia,Other,Other,streetabc,streetdef,AL,123522,US,abcdefghijklm,en,1234567956,sfo
create,gridtest68@nv.com,userFirstName,UserLastName,nvidia,Other,Other,streetabc,streetdef,AL,123523,US,abcdefghijklm,en,1234567957,sfo
create,gridtest69@nv.com,userFirstName,UserLastName,nvidia,Other,Other,streetabc,streetdef,AL,123524,US,abcdefghijklm,en,1234567958,sfo
create,gridtest70@nv.com,userFirstName,UserLastName,nvidia,Other,Other,streetabc,streetdef,AL,123525,US,abcdefghijklm,en,1234567959,sfo
create,gridtest71@nv.com,userFirstName,UserLastName,nvidia,Other,Other,streetabc,streetdef,AL,123526,US,abcdefghijklm,en,1234567960,sfo
create,gridtest72@nv.com,userFirstName,UserLastName,nvidia,Other,Other,streetabc,streetdef,AL,123527,US,abcdefghijklm,en,1234567961,sfo
create,gridtest73@nv.com,userFirstName,UserLastName,nvidia,Other,Other,streetabc,streetdef,AL,123528,US,abcdefghijklm,en,1234567962,sfo
create,gridtest74@nv.com,userFirstName,UserLastName,nvidia,Other,Other,streetabc,streetdef,AL,123529,US,abcdefghijklm,en,1234567963,sfo
create,gridtest75@nv.com,userFirstName,UserLastName,nvidia,Other,Other,streetabc,streetdef,AL,123530,US,abcdefghijklm,en,1234567964,sfo
create,gridtest76@nv.com,userFirstName,UserLastName,nvidia,Other,Other,streetabc,streetdef,AL,123531,US,abcdefghijklm,en,1234567965,sfo
create,gridtest77@nv.com,userFirstName,UserLastName,nvidia,Other,Other,streetabc,streetdef,AL,123532,US,abcdefghijklm,en,1234567966,sfo
create,gridtest78@nv.com,userFirstName,UserLastName,nvidia,Other,Other,streetabc,streetdef,AL,123533,US,abcdefghijklm,en,1234567967,sfo
create,gridtest79@nv.com,userFirstName,UserLastName,nvidia,Other,Other,streetabc,streetdef,AL,123534,US,abcdefghijklm,en,1234567968,sfo
create,gridtest80@nv.com,userFirstName,UserLastName,nvidia,Other,Other,streetabc,streetdef,AL,123535,US,abcdefghijklm,en,1234567969,sfo
create,gridtest81@nv.com,userFirstName,UserLastName,nvidia,Other,Other,streetabc,streetdef,AL,123536,US,abcdefghijklm,en,1234567970,sfo
create,gridtest82@nv.com,userFirstName,UserLastName,nvidia,Other,Other,streetabc,streetdef,AL,123537,US,abcdefghijklm,en,1234567971,sfo
create,gridtest83@nv.com,userFirstName,UserLastName,nvidia,Other,Other,streetabc,streetdef,AL,123538,US,abcdefghijklm,en,1234567972,sfo
create,gridtest84@nv.com,userFirstName,UserLastName,nvidia,Other,Other,streetabc,streetdef,AL,123539,US,abcdefghijklm,en,1234567973,sfo
create,gridtest85@nv.com,userFirstName,UserLastName,nvidia,Other,Other,streetabc,streetdef,AL,123540,US,abcdefghijklm,en,1234567974,sfo
create,gridtest86@nv.com,userFirstName,UserLastName,nvidia,Other,Other,streetabc,streetdef,AL,123541,US,abcdefghijklm,en,1234567975,sfo
create,gridtest87@nv.com,userFirstName,UserLastName,nvidia,Other,Other,streetabc,streetdef,AL,123542,US,abcdefghijklm,en,1234567976,sfo
create,gridtest88@nv.com,userFirstName,UserLastName,nvidia,Other,Other,streetabc,streetdef,AL,123543,US,abcdefghijklm,en,1234567977,sfo
create,gridtest89@nv.com,userFirstName,UserLastName,nvidia,Other,Other,streetabc,streetdef,AL,123544,US,abcdefghijklm,en,1234567978,sfo
create,gridtest90@nv.com,userFirstName,UserLastName,nvidia,Other,Other,streetabc,streetdef,AL,123545,US,abcdefghijklm,en,1234567979,sfo
create,gridtest91@nv.com,userFirstName,UserLastName,nvidia,Other,Other,streetabc,streetdef,AL,123546,US,abcdefghijklm,en,1234567980,sfo
create,gridtest92@nv.com,userFirstName,UserLastName,nvidia,Other,Other,streetabc,streetdef,AL,123547,US,abcdefghijklm,en,1234567981,sfo
create,gridtest93@nv.com,userFirstName,UserLastName,nvidia,Other,Other,streetabc,streetdef,AL,123548,US,abcdefghijklm,en,1234567982,sfo
create,gridtest94@nv.com,userFirstName,UserLastName,nvidia,Other,Other,streetabc,streetdef,AL,123549,US,abcdefghijklm,en,1234567983,sfo
create,gridtest95@nv.com,userFirstName,UserLastName,nvidia,Other,Other,streetabc,streetdef,AL,123550,US,abcdefghijklm,en,1234567984,sfo
create,gridtest96@nv.com,userFirstName,UserLastName,nvidia,Other,Other,streetabc,streetdef,AL,123551,US,abcdefghijklm,en,1234567985,sfo
create,gridtest97@nv.com,userFirstName,UserLastName,nvidia,Other,Other,streetabc,streetdef,AL,123552,US,abcdefghijklm,en,1234567986,sfo
create,gridtest98@nv.com,userFirstName,UserLastName,nvidia,Other,Other,streetabc,streetdef,AL,123553,US,abcdefghijklm,en,1234567987,sfo
create,gridtest99@nv.com,userFirstName,UserLastName,nvidia,Other,Other,streetabc,streetdef,AL,123554,US,abcdefghijklm,en,1234567988,sfo
