action,|eMailAddress|,|revokeRole|
create,sfdcnvtest1@nvidia.com,NVCRMAccessRole
create,sfdcnvtest2@nvidia.com,NVCRMAccessRole
create,sfdcnvtest3@nvidia.com,NVCRMAccessRole
create,sfdcnvtest4@nvidia.com,NVCRMAccessRole
create,sfdcnvtest5@nvidia.com,NVCRMAccessRole
create,sfdcnvtest6@nvidia.com,NVCRMAccessRole
create,sfdcnvtest7@nvidia.com,NVCRMAccessRole
create,sfdcnvtest8@nvidia.com,NVCRMAccessRole
create,sfdcnvtest9@nvidia.com,NVCRMAccessRole
create,sfdcnvtest10@nvidia.com,NVCRMAccessRole
create,sfdcnvtest11@nvidia.com,NVCRMAccessRole
create,sfdcnvtest12@nvidia.com,NVCRMAccessRole
create,sfdcnvtest13@nvidia.com,NVCRMAccessRole
create,sfdcnvtest14@nvidia.com,NVCRMAccessRole
create,sfdcnvtest15@nvidia.com,NVCRMAccessRole
create,sfdcnvtest16@nvidia.com,NVCRMAccessRole
create,sfdcnvtest17@nvidia.com,NVCRMAccessRole
create,sfdcnvtest18@nvidia.com,NVCRMAccessRole
create,sfdcnvtest19@nvidia.com,NVCRMAccessRole
create,sfdcnvtest20@nvidia.com,NVCRMAccessRole
create,sfdcnvtest21@nvidia.com,NVCRMAccessRole
create,sfdcnvtest22@nvidia.com,NVCRMAccessRole
create,sfdcnvtest23@nvidia.com,NVCRMAccessRole
create,sfdcnvtest24@nvidia.com,NVCRMAccessRole
create,sfdcnvtest25@nvidia.com,NVCRMAccessRole
create,sfdcnvtest26@nvidia.com,NVCRMAccessRole
create,sfdcnvtest27@nvidia.com,NVCRMAccessRole
create,sfdcnvtest28@nvidia.com,NVCRMAccessRole
create,sfdcnvtest29@nvidia.com,NVCRMAccessRole
create,sfdcnvtest30@nvidia.com,NVCRMAccessRole
create,sfdcnvtest31@nvidia.com,NVCRMAccessRole
create,sfdcnvtest32@nvidia.com,NVCRMAccessRole
create,sfdcnvtest33@nvidia.com,NVCRMAccessRole
create,sfdcnvtest34@nvidia.com,NVCRMAccessRole
create,sfdcnvtest35@nvidia.com,NVCRMAccessRole
create,sfdcnvtest36@nvidia.com,NVCRMAccessRole
create,sfdcnvtest37@nvidia.com,NVCRMAccessRole
create,sfdcnvtest38@nvidia.com,NVCRMAccessRole
create,sfdcnvtest39@nvidia.com,NVCRMAccessRole
create,sfdcnvtest40@nvidia.com,NVCRMAccessRole
create,sfdcnvtest41@nvidia.com,NVCRMAccessRole
create,sfdcnvtest42@nvidia.com,NVCRMAccessRole
create,sfdcnvtest43@nvidia.com,NVCRMAccessRole
create,sfdcnvtest44@nvidia.com,NVCRMAccessRole
create,sfdcnvtest45@nvidia.com,NVCRMAccessRole
create,sfdcnvtest46@nvidia.com,NVCRMAccessRole
create,sfdcnvtest47@nvidia.com,NVCRMAccessRole
create,sfdcnvtest48@nvidia.com,NVCRMAccessRole
create,sfdcnvtest49@nvidia.com,NVCRMAccessRole
create,sfdcnvtest50@nvidia.com,NVCRMAccessRole
create,sfdcnvtest51@nvidia.com,NVCRMAccessRole
create,sfdcnvtest52@nvidia.com,NVCRMAccessRole
create,sfdcnvtest53@nvidia.com,NVCRMAccessRole
create,sfdcnvtest54@nvidia.com,NVCRMAccessRole
create,sfdcnvtest55@nvidia.com,NVCRMAccessRole
create,sfdcnvtest56@nvidia.com,NVCRMAccessRole
create,sfdcnvtest57@nvidia.com,NVCRMAccessRole
create,sfdcnvtest58@nvidia.com,NVCRMAccessRole
create,sfdcnvtest59@nvidia.com,NVCRMAccessRole
create,sfdcnvtest60@nvidia.com,NVCRMAccessRole
create,sfdcnvtest61@nvidia.com,NVCRMAccessRole
create,sfdcnvtest62@nvidia.com,NVCRMAccessRole
create,sfdcnvtest63@nvidia.com,NVCRMAccessRole
create,sfdcnvtest64@nvidia.com,NVCRMAccessRole
create,sfdcnvtest65@nvidia.com,NVCRMAccessRole
create,sfdcnvtest66@nvidia.com,NVCRMAccessRole
create,sfdcnvtest67@nvidia.com,NVCRMAccessRole
create,sfdcnvtest68@nvidia.com,NVCRMAccessRole
create,sfdcnvtest69@nvidia.com,NVCRMAccessRole
create,sfdcnvtest70@nvidia.com,NVCRMAccessRole
create,sfdcnvtest71@nvidia.com,NVCRMAccessRole
create,sfdcnvtest72@nvidia.com,NVCRMAccessRole
create,sfdcnvtest73@nvidia.com,NVCRMAccessRole
create,sfdcnvtest74@nvidia.com,NVCRMAccessRole
create,sfdcnvtest75@nvidia.com,NVCRMAccessRole
create,sfdcnvtest76@nvidia.com,NVCRMAccessRole
create,sfdcnvtest77@nvidia.com,NVCRMAccessRole
create,sfdcnvtest78@nvidia.com,NVCRMAccessRole
create,sfdcnvtest79@nvidia.com,NVCRMAccessRole
create,sfdcnvtest80@nvidia.com,NVCRMAccessRole
create,sfdcnvtest81@nvidia.com,NVCRMAccessRole
create,sfdcnvtest82@nvidia.com,NVCRMAccessRole
create,sfdcnvtest83@nvidia.com,NVCRMAccessRole
create,sfdcnvtest84@nvidia.com,NVCRMAccessRole
create,sfdcnvtest85@nvidia.com,NVCRMAccessRole
create,sfdcnvtest86@nvidia.com,NVCRMAccessRole
create,sfdcnvtest87@nvidia.com,NVCRMAccessRole
create,sfdcnvtest88@nvidia.com,NVCRMAccessRole
create,sfdcnvtest89@nvidia.com,NVCRMAccessRole
create,sfdcnvtest90@nvidia.com,NVCRMAccessRole
create,sfdcnvtest91@nvidia.com,NVCRMAccessRole
create,sfdcnvtest92@nvidia.com,NVCRMAccessRole
create,sfdcnvtest93@nvidia.com,NVCRMAccessRole
create,sfdcnvtest94@nvidia.com,NVCRMAccessRole
create,sfdcnvtest95@nvidia.com,NVCRMAccessRole
create,sfdcnvtest96@nvidia.com,NVCRMAccessRole
create,sfdcnvtest97@nvidia.com,NVCRMAccessRole
create,sfdcnvtest98@nvidia.com,NVCRMAccessRole
create,sfdcnvtest99@nvidia.com,NVCRMAccessRole
create,sfdcnvtest100@nvidia.com,NVCRMAccessRole
