action,eMailAddress,firstName,lastName,company,industry,jobRole,street1,street2,state,postalCode,country,sfdcRole,gridEval,language,sfdcMailTemplate,phone,sfdcUserID,city,isActive
create,sfdcnvtest1@nvidia.com,sfdc,test,inno,Other,Other,avenue,avenue,AL,12345,US,NVCRMAccessRole,abcdefghijklmn,en,NVCRM,1234567890,sfdcnvtest1@nvidia.com,sfo,0
create,sfdcnvtest2@nvidia.com,sfdc,test,inno,Other,Other,avenue,avenue,AL,12346,US,NVCRMAccessRole,abcdefghijklmn,en,NVCRM,1234567891,sfdcnvtest2@nvidia.com,sfo,0
create,sfdcnvtest3@nvidia.com,sfdc,test,inno,Other,Other,avenue,avenue,AL,12347,US,NVCRMAccessRole,abcdefghijklmn,en,NVCRM,1234567892,sfdcnvtest3@nvidia.com,sfo,0
create,sfdcnvtest4@nvidia.com,sfdc,test,inno,Other,Other,avenue,avenue,AL,12348,US,NVCRMAccessRole,abcdefghijklmn,en,NVCRM,1234567893,sfdcnvtest4@nvidia.com,sfo,0
create,sfdcnvtest5@nvidia.com,sfdc,test,inno,Other,Other,avenue,avenue,AL,12349,US,NVCRMAccessRole,abcdefghijklmn,en,NVCRM,1234567894,sfdcnvtest5@nvidia.com,sfo,0
create,sfdcnvtest6@nvidia.com,sfdc,test,inno,Other,Other,avenue,avenue,AL,12350,US,NVCRMAccessRole,abcdefghijklmn,en,NVCRM,1234567895,sfdcnvtest6@nvidia.com,sfo,0
create,sfdcnvtest7@nvidia.com,sfdc,test,inno,Other,Other,avenue,avenue,AL,12351,US,NVCRMAccessRole,abcdefghijklmn,en,NVCRM,1234567896,sfdcnvtest7@nvidia.com,sfo,0
create,sfdcnvtest8@nvidia.com,sfdc,test,inno,Other,Other,avenue,avenue,AL,12352,US,NVCRMAccessRole,abcdefghijklmn,en,NVCRM,1234567897,sfdcnvtest8@nvidia.com,sfo,0
create,sfdcnvtest9@nvidia.com,sfdc,test,inno,Other,Other,avenue,avenue,AL,12353,US,NVCRMAccessRole,abcdefghijklmn,en,NVCRM,1234567898,sfdcnvtest9@nvidia.com,sfo,0
create,sfdcnvtest10@nvidia.com,sfdc,test,inno,Other,Other,avenue,avenue,AL,12354,US,NVCRMAccessRole,abcdefghijklmn,en,NVCRM,1234567899,sfdcnvtest10@nvidia.com,sfo,0
create,sfdcnvtest11@nvidia.com,sfdc,test,inno,Other,Other,avenue,avenue,AL,12355,US,NVCRMAccessRole,abcdefghijklmn,en,NVCRM,1234567900,sfdcnvtest11@nvidia.com,sfo,0
create,sfdcnvtest12@nvidia.com,sfdc,test,inno,Other,Other,avenue,avenue,AL,12356,US,NVCRMAccessRole,abcdefghijklmn,en,NVCRM,1234567901,sfdcnvtest12@nvidia.com,sfo,0
create,sfdcnvtest13@nvidia.com,sfdc,test,inno,Other,Other,avenue,avenue,AL,12357,US,NVCRMAccessRole,abcdefghijklmn,en,NVCRM,1234567902,sfdcnvtest13@nvidia.com,sfo,0
create,sfdcnvtest14@nvidia.com,sfdc,test,inno,Other,Other,avenue,avenue,AL,12358,US,NVCRMAccessRole,abcdefghijklmn,en,NVCRM,1234567903,sfdcnvtest14@nvidia.com,sfo,0
create,sfdcnvtest15@nvidia.com,sfdc,test,inno,Other,Other,avenue,avenue,AL,12359,US,NVCRMAccessRole,abcdefghijklmn,en,NVCRM,1234567904,sfdcnvtest15@nvidia.com,sfo,0
create,sfdcnvtest16@nvidia.com,sfdc,test,inno,Other,Other,avenue,avenue,AL,12360,US,NVCRMAccessRole,abcdefghijklmn,en,NVCRM,1234567905,sfdcnvtest16@nvidia.com,sfo,0
create,sfdcnvtest17@nvidia.com,sfdc,test,inno,Other,Other,avenue,avenue,AL,12361,US,NVCRMAccessRole,abcdefghijklmn,en,NVCRM,1234567906,sfdcnvtest17@nvidia.com,sfo,0
create,sfdcnvtest18@nvidia.com,sfdc,test,inno,Other,Other,avenue,avenue,AL,12362,US,NVCRMAccessRole,abcdefghijklmn,en,NVCRM,1234567907,sfdcnvtest18@nvidia.com,sfo,0
create,sfdcnvtest19@nvidia.com,sfdc,test,inno,Other,Other,avenue,avenue,AL,12363,US,NVCRMAccessRole,abcdefghijklmn,en,NVCRM,1234567908,sfdcnvtest19@nvidia.com,sfo,0
create,sfdcnvtest20@nvidia.com,sfdc,test,inno,Other,Other,avenue,avenue,AL,12364,US,NVCRMAccessRole,abcdefghijklmn,en,NVCRM,1234567909,sfdcnvtest20@nvidia.com,sfo,0
create,sfdcnvtest21@nvidia.com,sfdc,test,inno,Other,Other,avenue,avenue,AL,12365,US,NVCRMAccessRole,abcdefghijklmn,en,NVCRM,1234567910,sfdcnvtest21@nvidia.com,sfo,0
create,sfdcnvtest22@nvidia.com,sfdc,test,inno,Other,Other,avenue,avenue,AL,12366,US,NVCRMAccessRole,abcdefghijklmn,en,NVCRM,1234567911,sfdcnvtest22@nvidia.com,sfo,0
create,sfdcnvtest23@nvidia.com,sfdc,test,inno,Other,Other,avenue,avenue,AL,12367,US,NVCRMAccessRole,abcdefghijklmn,en,NVCRM,1234567912,sfdcnvtest23@nvidia.com,sfo,0
create,sfdcnvtest24@nvidia.com,sfdc,test,inno,Other,Other,avenue,avenue,AL,12368,US,NVCRMAccessRole,abcdefghijklmn,en,NVCRM,1234567913,sfdcnvtest24@nvidia.com,sfo,0
create,sfdcnvtest25@nvidia.com,sfdc,test,inno,Other,Other,avenue,avenue,AL,12369,US,NVCRMAccessRole,abcdefghijklmn,en,NVCRM,1234567914,sfdcnvtest25@nvidia.com,sfo,0
create,sfdcnvtest26@nvidia.com,sfdc,test,inno,Other,Other,avenue,avenue,AL,12370,US,NVCRMAccessRole,abcdefghijklmn,en,NVCRM,1234567915,sfdcnvtest26@nvidia.com,sfo,0
create,sfdcnvtest27@nvidia.com,sfdc,test,inno,Other,Other,avenue,avenue,AL,12371,US,NVCRMAccessRole,abcdefghijklmn,en,NVCRM,1234567916,sfdcnvtest27@nvidia.com,sfo,0
create,sfdcnvtest28@nvidia.com,sfdc,test,inno,Other,Other,avenue,avenue,AL,12372,US,NVCRMAccessRole,abcdefghijklmn,en,NVCRM,1234567917,sfdcnvtest28@nvidia.com,sfo,0
create,sfdcnvtest29@nvidia.com,sfdc,test,inno,Other,Other,avenue,avenue,AL,12373,US,NVCRMAccessRole,abcdefghijklmn,en,NVCRM,1234567918,sfdcnvtest29@nvidia.com,sfo,0
create,sfdcnvtest30@nvidia.com,sfdc,test,inno,Other,Other,avenue,avenue,AL,12374,US,NVCRMAccessRole,abcdefghijklmn,en,NVCRM,1234567919,sfdcnvtest30@nvidia.com,sfo,0
create,sfdcnvtest31@nvidia.com,sfdc,test,inno,Other,Other,avenue,avenue,AL,12375,US,NVCRMAccessRole,abcdefghijklmn,en,NVCRM,1234567920,sfdcnvtest31@nvidia.com,sfo,0
create,sfdcnvtest32@nvidia.com,sfdc,test,inno,Other,Other,avenue,avenue,AL,12376,US,NVCRMAccessRole,abcdefghijklmn,en,NVCRM,1234567921,sfdcnvtest32@nvidia.com,sfo,0
create,sfdcnvtest33@nvidia.com,sfdc,test,inno,Other,Other,avenue,avenue,AL,12377,US,NVCRMAccessRole,abcdefghijklmn,en,NVCRM,1234567922,sfdcnvtest33@nvidia.com,sfo,0
create,sfdcnvtest34@nvidia.com,sfdc,test,inno,Other,Other,avenue,avenue,AL,12378,US,NVCRMAccessRole,abcdefghijklmn,en,NVCRM,1234567923,sfdcnvtest34@nvidia.com,sfo,0
create,sfdcnvtest35@nvidia.com,sfdc,test,inno,Other,Other,avenue,avenue,AL,12379,US,NVCRMAccessRole,abcdefghijklmn,en,NVCRM,1234567924,sfdcnvtest35@nvidia.com,sfo,0
create,sfdcnvtest36@nvidia.com,sfdc,test,inno,Other,Other,avenue,avenue,AL,12380,US,NVCRMAccessRole,abcdefghijklmn,en,NVCRM,1234567925,sfdcnvtest36@nvidia.com,sfo,0
create,sfdcnvtest37@nvidia.com,sfdc,test,inno,Other,Other,avenue,avenue,AL,12381,US,NVCRMAccessRole,abcdefghijklmn,en,NVCRM,1234567926,sfdcnvtest37@nvidia.com,sfo,0
create,sfdcnvtest38@nvidia.com,sfdc,test,inno,Other,Other,avenue,avenue,AL,12382,US,NVCRMAccessRole,abcdefghijklmn,en,NVCRM,1234567927,sfdcnvtest38@nvidia.com,sfo,0
create,sfdcnvtest39@nvidia.com,sfdc,test,inno,Other,Other,avenue,avenue,AL,12383,US,NVCRMAccessRole,abcdefghijklmn,en,NVCRM,1234567928,sfdcnvtest39@nvidia.com,sfo,0
create,sfdcnvtest40@nvidia.com,sfdc,test,inno,Other,Other,avenue,avenue,AL,12384,US,NVCRMAccessRole,abcdefghijklmn,en,NVCRM,1234567929,sfdcnvtest40@nvidia.com,sfo,0
create,sfdcnvtest41@nvidia.com,sfdc,test,inno,Other,Other,avenue,avenue,AL,12385,US,NVCRMAccessRole,abcdefghijklmn,en,NVCRM,1234567930,sfdcnvtest41@nvidia.com,sfo,0
create,sfdcnvtest42@nvidia.com,sfdc,test,inno,Other,Other,avenue,avenue,AL,12386,US,NVCRMAccessRole,abcdefghijklmn,en,NVCRM,1234567931,sfdcnvtest42@nvidia.com,sfo,0
create,sfdcnvtest43@nvidia.com,sfdc,test,inno,Other,Other,avenue,avenue,AL,12387,US,NVCRMAccessRole,abcdefghijklmn,en,NVCRM,1234567932,sfdcnvtest43@nvidia.com,sfo,0
create,sfdcnvtest44@nvidia.com,sfdc,test,inno,Other,Other,avenue,avenue,AL,12388,US,NVCRMAccessRole,abcdefghijklmn,en,NVCRM,1234567933,sfdcnvtest44@nvidia.com,sfo,0
create,sfdcnvtest45@nvidia.com,sfdc,test,inno,Other,Other,avenue,avenue,AL,12389,US,NVCRMAccessRole,abcdefghijklmn,en,NVCRM,1234567934,sfdcnvtest45@nvidia.com,sfo,0
create,sfdcnvtest46@nvidia.com,sfdc,test,inno,Other,Other,avenue,avenue,AL,12390,US,NVCRMAccessRole,abcdefghijklmn,en,NVCRM,1234567935,sfdcnvtest46@nvidia.com,sfo,0
create,sfdcnvtest47@nvidia.com,sfdc,test,inno,Other,Other,avenue,avenue,AL,12391,US,NVCRMAccessRole,abcdefghijklmn,en,NVCRM,1234567936,sfdcnvtest47@nvidia.com,sfo,0
create,sfdcnvtest48@nvidia.com,sfdc,test,inno,Other,Other,avenue,avenue,AL,12392,US,NVCRMAccessRole,abcdefghijklmn,en,NVCRM,1234567937,sfdcnvtest48@nvidia.com,sfo,0
create,sfdcnvtest49@nvidia.com,sfdc,test,inno,Other,Other,avenue,avenue,AL,12393,US,NVCRMAccessRole,abcdefghijklmn,en,NVCRM,1234567938,sfdcnvtest49@nvidia.com,sfo,0
create,sfdcnvtest50@nvidia.com,sfdc,test,inno,Other,Other,avenue,avenue,AL,12394,US,NVCRMAccessRole,abcdefghijklmn,en,NVCRM,1234567939,sfdcnvtest50@nvidia.com,sfo,0
create,sfdcnvtest51@nvidia.com,sfdc,test,inno,Other,Other,avenue,avenue,AL,12395,US,NVCRMAccessRole,abcdefghijklmn,en,NVCRM,1234567940,sfdcnvtest51@nvidia.com,sfo,0
create,sfdcnvtest52@nvidia.com,sfdc,test,inno,Other,Other,avenue,avenue,AL,12396,US,NVCRMAccessRole,abcdefghijklmn,en,NVCRM,1234567941,sfdcnvtest52@nvidia.com,sfo,0
create,sfdcnvtest53@nvidia.com,sfdc,test,inno,Other,Other,avenue,avenue,AL,12397,US,NVCRMAccessRole,abcdefghijklmn,en,NVCRM,1234567942,sfdcnvtest53@nvidia.com,sfo,0
create,sfdcnvtest54@nvidia.com,sfdc,test,inno,Other,Other,avenue,avenue,AL,12398,US,NVCRMAccessRole,abcdefghijklmn,en,NVCRM,1234567943,sfdcnvtest54@nvidia.com,sfo,0
create,sfdcnvtest55@nvidia.com,sfdc,test,inno,Other,Other,avenue,avenue,AL,12399,US,NVCRMAccessRole,abcdefghijklmn,en,NVCRM,1234567944,sfdcnvtest55@nvidia.com,sfo,0
create,sfdcnvtest56@nvidia.com,sfdc,test,inno,Other,Other,avenue,avenue,AL,12400,US,NVCRMAccessRole,abcdefghijklmn,en,NVCRM,1234567945,sfdcnvtest56@nvidia.com,sfo,0
create,sfdcnvtest57@nvidia.com,sfdc,test,inno,Other,Other,avenue,avenue,AL,12401,US,NVCRMAccessRole,abcdefghijklmn,en,NVCRM,1234567946,sfdcnvtest57@nvidia.com,sfo,0
create,sfdcnvtest58@nvidia.com,sfdc,test,inno,Other,Other,avenue,avenue,AL,12402,US,NVCRMAccessRole,abcdefghijklmn,en,NVCRM,1234567947,sfdcnvtest58@nvidia.com,sfo,0
create,sfdcnvtest59@nvidia.com,sfdc,test,inno,Other,Other,avenue,avenue,AL,12403,US,NVCRMAccessRole,abcdefghijklmn,en,NVCRM,1234567948,sfdcnvtest59@nvidia.com,sfo,0
create,sfdcnvtest60@nvidia.com,sfdc,test,inno,Other,Other,avenue,avenue,AL,12404,US,NVCRMAccessRole,abcdefghijklmn,en,NVCRM,1234567949,sfdcnvtest60@nvidia.com,sfo,0
create,sfdcnvtest61@nvidia.com,sfdc,test,inno,Other,Other,avenue,avenue,AL,12405,US,NVCRMAccessRole,abcdefghijklmn,en,NVCRM,1234567950,sfdcnvtest61@nvidia.com,sfo,0
create,sfdcnvtest62@nvidia.com,sfdc,test,inno,Other,Other,avenue,avenue,AL,12406,US,NVCRMAccessRole,abcdefghijklmn,en,NVCRM,1234567951,sfdcnvtest62@nvidia.com,sfo,0
create,sfdcnvtest63@nvidia.com,sfdc,test,inno,Other,Other,avenue,avenue,AL,12407,US,NVCRMAccessRole,abcdefghijklmn,en,NVCRM,1234567952,sfdcnvtest63@nvidia.com,sfo,0
create,sfdcnvtest64@nvidia.com,sfdc,test,inno,Other,Other,avenue,avenue,AL,12408,US,NVCRMAccessRole,abcdefghijklmn,en,NVCRM,1234567953,sfdcnvtest64@nvidia.com,sfo,0
create,sfdcnvtest65@nvidia.com,sfdc,test,inno,Other,Other,avenue,avenue,AL,12409,US,NVCRMAccessRole,abcdefghijklmn,en,NVCRM,1234567954,sfdcnvtest65@nvidia.com,sfo,0
create,sfdcnvtest66@nvidia.com,sfdc,test,inno,Other,Other,avenue,avenue,AL,12410,US,NVCRMAccessRole,abcdefghijklmn,en,NVCRM,1234567955,sfdcnvtest66@nvidia.com,sfo,0
create,sfdcnvtest67@nvidia.com,sfdc,test,inno,Other,Other,avenue,avenue,AL,12411,US,NVCRMAccessRole,abcdefghijklmn,en,NVCRM,1234567956,sfdcnvtest67@nvidia.com,sfo,0
create,sfdcnvtest68@nvidia.com,sfdc,test,inno,Other,Other,avenue,avenue,AL,12412,US,NVCRMAccessRole,abcdefghijklmn,en,NVCRM,1234567957,sfdcnvtest68@nvidia.com,sfo,0
create,sfdcnvtest69@nvidia.com,sfdc,test,inno,Other,Other,avenue,avenue,AL,12413,US,NVCRMAccessRole,abcdefghijklmn,en,NVCRM,1234567958,sfdcnvtest69@nvidia.com,sfo,0
create,sfdcnvtest70@nvidia.com,sfdc,test,inno,Other,Other,avenue,avenue,AL,12414,US,NVCRMAccessRole,abcdefghijklmn,en,NVCRM,1234567959,sfdcnvtest70@nvidia.com,sfo,0
create,sfdcnvtest71@nvidia.com,sfdc,test,inno,Other,Other,avenue,avenue,AL,12415,US,NVCRMAccessRole,abcdefghijklmn,en,NVCRM,1234567960,sfdcnvtest71@nvidia.com,sfo,0
create,sfdcnvtest72@nvidia.com,sfdc,test,inno,Other,Other,avenue,avenue,AL,12416,US,NVCRMAccessRole,abcdefghijklmn,en,NVCRM,1234567961,sfdcnvtest72@nvidia.com,sfo,0
create,sfdcnvtest73@nvidia.com,sfdc,test,inno,Other,Other,avenue,avenue,AL,12417,US,NVCRMAccessRole,abcdefghijklmn,en,NVCRM,1234567962,sfdcnvtest73@nvidia.com,sfo,0
create,sfdcnvtest74@nvidia.com,sfdc,test,inno,Other,Other,avenue,avenue,AL,12418,US,NVCRMAccessRole,abcdefghijklmn,en,NVCRM,1234567963,sfdcnvtest74@nvidia.com,sfo,0
create,sfdcnvtest75@nvidia.com,sfdc,test,inno,Other,Other,avenue,avenue,AL,12419,US,NVCRMAccessRole,abcdefghijklmn,en,NVCRM,1234567964,sfdcnvtest75@nvidia.com,sfo,0
create,sfdcnvtest76@nvidia.com,sfdc,test,inno,Other,Other,avenue,avenue,AL,12420,US,NVCRMAccessRole,abcdefghijklmn,en,NVCRM,1234567965,sfdcnvtest76@nvidia.com,sfo,0
create,sfdcnvtest77@nvidia.com,sfdc,test,inno,Other,Other,avenue,avenue,AL,12421,US,NVCRMAccessRole,abcdefghijklmn,en,NVCRM,1234567966,sfdcnvtest77@nvidia.com,sfo,0
create,sfdcnvtest78@nvidia.com,sfdc,test,inno,Other,Other,avenue,avenue,AL,12422,US,NVCRMAccessRole,abcdefghijklmn,en,NVCRM,1234567967,sfdcnvtest78@nvidia.com,sfo,0
create,sfdcnvtest79@nvidia.com,sfdc,test,inno,Other,Other,avenue,avenue,AL,12423,US,NVCRMAccessRole,abcdefghijklmn,en,NVCRM,1234567968,sfdcnvtest79@nvidia.com,sfo,0
create,sfdcnvtest80@nvidia.com,sfdc,test,inno,Other,Other,avenue,avenue,AL,12424,US,NVCRMAccessRole,abcdefghijklmn,en,NVCRM,1234567969,sfdcnvtest80@nvidia.com,sfo,0
create,sfdcnvtest81@nvidia.com,sfdc,test,inno,Other,Other,avenue,avenue,AL,12425,US,NVCRMAccessRole,abcdefghijklmn,en,NVCRM,1234567970,sfdcnvtest81@nvidia.com,sfo,0
create,sfdcnvtest82@nvidia.com,sfdc,test,inno,Other,Other,avenue,avenue,AL,12426,US,NVCRMAccessRole,abcdefghijklmn,en,NVCRM,1234567971,sfdcnvtest82@nvidia.com,sfo,0
create,sfdcnvtest83@nvidia.com,sfdc,test,inno,Other,Other,avenue,avenue,AL,12427,US,NVCRMAccessRole,abcdefghijklmn,en,NVCRM,1234567972,sfdcnvtest83@nvidia.com,sfo,0
create,sfdcnvtest84@nvidia.com,sfdc,test,inno,Other,Other,avenue,avenue,AL,12428,US,NVCRMAccessRole,abcdefghijklmn,en,NVCRM,1234567973,sfdcnvtest84@nvidia.com,sfo,0
create,sfdcnvtest85@nvidia.com,sfdc,test,inno,Other,Other,avenue,avenue,AL,12429,US,NVCRMAccessRole,abcdefghijklmn,en,NVCRM,1234567974,sfdcnvtest85@nvidia.com,sfo,0
create,sfdcnvtest86@nvidia.com,sfdc,test,inno,Other,Other,avenue,avenue,AL,12430,US,NVCRMAccessRole,abcdefghijklmn,en,NVCRM,1234567975,sfdcnvtest86@nvidia.com,sfo,0
create,sfdcnvtest87@nvidia.com,sfdc,test,inno,Other,Other,avenue,avenue,AL,12431,US,NVCRMAccessRole,abcdefghijklmn,en,NVCRM,1234567976,sfdcnvtest87@nvidia.com,sfo,0
create,sfdcnvtest88@nvidia.com,sfdc,test,inno,Other,Other,avenue,avenue,AL,12432,US,NVCRMAccessRole,abcdefghijklmn,en,NVCRM,1234567977,sfdcnvtest88@nvidia.com,sfo,0
create,sfdcnvtest89@nvidia.com,sfdc,test,inno,Other,Other,avenue,avenue,AL,12433,US,NVCRMAccessRole,abcdefghijklmn,en,NVCRM,1234567978,sfdcnvtest89@nvidia.com,sfo,0
create,sfdcnvtest90@nvidia.com,sfdc,test,inno,Other,Other,avenue,avenue,AL,12434,US,NVCRMAccessRole,abcdefghijklmn,en,NVCRM,1234567979,sfdcnvtest90@nvidia.com,sfo,0
create,sfdcnvtest91@nvidia.com,sfdc,test,inno,Other,Other,avenue,avenue,AL,12435,US,NVCRMAccessRole,abcdefghijklmn,en,NVCRM,1234567980,sfdcnvtest91@nvidia.com,sfo,0
create,sfdcnvtest92@nvidia.com,sfdc,test,inno,Other,Other,avenue,avenue,AL,12436,US,NVCRMAccessRole,abcdefghijklmn,en,NVCRM,1234567981,sfdcnvtest92@nvidia.com,sfo,0
create,sfdcnvtest93@nvidia.com,sfdc,test,inno,Other,Other,avenue,avenue,AL,12437,US,NVCRMAccessRole,abcdefghijklmn,en,NVCRM,1234567982,sfdcnvtest93@nvidia.com,sfo,0
create,sfdcnvtest94@nvidia.com,sfdc,test,inno,Other,Other,avenue,avenue,AL,12438,US,NVCRMAccessRole,abcdefghijklmn,en,NVCRM,1234567983,sfdcnvtest94@nvidia.com,sfo,0
create,sfdcnvtest95@nvidia.com,sfdc,test,inno,Other,Other,avenue,avenue,AL,12439,US,NVCRMAccessRole,abcdefghijklmn,en,NVCRM,1234567984,sfdcnvtest95@nvidia.com,sfo,0
create,sfdcnvtest96@nvidia.com,sfdc,test,inno,Other,Other,avenue,avenue,AL,12440,US,NVCRMAccessRole,abcdefghijklmn,en,NVCRM,1234567985,sfdcnvtest96@nvidia.com,sfo,0
create,sfdcnvtest97@nvidia.com,sfdc,test,inno,Other,Other,avenue,avenue,AL,12441,US,NVCRMAccessRole,abcdefghijklmn,en,NVCRM,1234567986,sfdcnvtest97@nvidia.com,sfo,0
create,sfdcnvtest98@nvidia.com,sfdc,test,inno,Other,Other,avenue,avenue,AL,12442,US,NVCRMAccessRole,abcdefghijklmn,en,NVCRM,1234567987,sfdcnvtest98@nvidia.com,sfo,0
create,sfdcnvtest99@nvidia.com,sfdc,test,inno,Other,Other,avenue,avenue,AL,12443,US,NVCRMAccessRole,abcdefghijklmn,en,NVCRM,1234567988,sfdcnvtest99@nvidia.com,sfo,0
create,sfdcnvtest100@nvidia.com,sfdc,test,inno,Other,Other,avenue,avenue,AL,12444,US,NVCRMAccessRole,abcdefghijklmn,en,NVCRM,1234567989,sfdcnvtest100@nvidia.com,sfo,0
