action,|eMailAddress|,|sfdcRole|,|language|,|sfdcMailTemplate|
create,sfdctest1@nvidia.com,SOCRMAccessRole,en,SOCRM
create,sfdctest2@nvidia.com,SOCRMAccessRole,en,SOCRM
create,sfdctest3@nvidia.com,SOCRMAccessRole,en,SOCRM
create,sfdctest4@nvidia.com,SOCRMAccessRole,en,SOCRM
create,sfdctest5@nvidia.com,SOCRMAccessRole,en,SOCRM
create,sfdctest6@nvidia.com,SOCRMAccessRole,en,SOCRM
create,sfdctest7@nvidia.com,SOCRMAccessRole,en,SOCRM
create,sfdctest8@nvidia.com,SOCRMAccessRole,en,SOCRM
create,sfdctest9@nvidia.com,SOCRMAccessRole,en,SOCRM
create,sfdctest10@nvidia.com,SOCRMAccessRole,en,SOCRM
create,sfdctest11@nvidia.com,SOCRMAccessRole,en,SOCRM
create,sfdctest12@nvidia.com,SOCRMAccessRole,en,SOCRM
create,sfdctest13@nvidia.com,SOCRMAccessRole,en,SOCRM
create,sfdctest14@nvidia.com,SOCRMAccessRole,en,SOCRM
create,sfdctest15@nvidia.com,SOCRMAccessRole,en,SOCRM
create,sfdctest16@nvidia.com,SOCRMAccessRole,en,SOCRM
create,sfdctest17@nvidia.com,SOCRMAccessRole,en,SOCRM
create,sfdctest18@nvidia.com,SOCRMAccessRole,en,SOCRM
create,sfdctest19@nvidia.com,SOCRMAccessRole,en,SOCRM
create,sfdctest20@nvidia.com,SOCRMAccessRole,en,SOCRM
create,sfdctest21@nvidia.com,SOCRMAccessRole,en,SOCRM
create,sfdctest22@nvidia.com,SOCRMAccessRole,en,SOCRM
create,sfdctest23@nvidia.com,SOCRMAccessRole,en,SOCRM
create,sfdctest24@nvidia.com,SOCRMAccessRole,en,SOCRM
create,sfdctest25@nvidia.com,SOCRMAccessRole,en,SOCRM
create,sfdctest26@nvidia.com,SOCRMAccessRole,en,SOCRM
create,sfdctest27@nvidia.com,SOCRMAccessRole,en,SOCRM
create,sfdctest28@nvidia.com,SOCRMAccessRole,en,SOCRM
create,sfdctest29@nvidia.com,SOCRMAccessRole,en,SOCRM
create,sfdctest30@nvidia.com,SOCRMAccessRole,en,SOCRM
create,sfdctest31@nvidia.com,SOCRMAccessRole,en,SOCRM
create,sfdctest32@nvidia.com,SOCRMAccessRole,en,SOCRM
create,sfdctest33@nvidia.com,SOCRMAccessRole,en,SOCRM
create,sfdctest34@nvidia.com,SOCRMAccessRole,en,SOCRM
create,sfdctest35@nvidia.com,SOCRMAccessRole,en,SOCRM
create,sfdctest36@nvidia.com,SOCRMAccessRole,en,SOCRM
create,sfdctest37@nvidia.com,SOCRMAccessRole,en,SOCRM
create,sfdctest38@nvidia.com,SOCRMAccessRole,en,SOCRM
create,sfdctest39@nvidia.com,SOCRMAccessRole,en,SOCRM
create,sfdctest40@nvidia.com,SOCRMAccessRole,en,SOCRM
create,sfdctest41@nvidia.com,SOCRMAccessRole,en,SOCRM
create,sfdctest42@nvidia.com,SOCRMAccessRole,en,SOCRM
create,sfdctest43@nvidia.com,SOCRMAccessRole,en,SOCRM
create,sfdctest44@nvidia.com,SOCRMAccessRole,en,SOCRM
create,sfdctest45@nvidia.com,SOCRMAccessRole,en,SOCRM
create,sfdctest46@nvidia.com,SOCRMAccessRole,en,SOCRM
create,sfdctest47@nvidia.com,SOCRMAccessRole,en,SOCRM
create,sfdctest48@nvidia.com,SOCRMAccessRole,en,SOCRM
create,sfdctest49@nvidia.com,SOCRMAccessRole,en,SOCRM
create,sfdctest50@nvidia.com,SOCRMAccessRole,en,SOCRM
create,sfdctest51@nvidia.com,SOCRMAccessRole,en,SOCRM
create,sfdctest52@nvidia.com,SOCRMAccessRole,en,SOCRM
create,sfdctest53@nvidia.com,SOCRMAccessRole,en,SOCRM
create,sfdctest54@nvidia.com,SOCRMAccessRole,en,SOCRM
create,sfdctest55@nvidia.com,SOCRMAccessRole,en,SOCRM
create,sfdctest56@nvidia.com,SOCRMAccessRole,en,SOCRM
create,sfdctest57@nvidia.com,SOCRMAccessRole,en,SOCRM
create,sfdctest58@nvidia.com,SOCRMAccessRole,en,SOCRM
create,sfdctest59@nvidia.com,SOCRMAccessRole,en,SOCRM
create,sfdctest60@nvidia.com,SOCRMAccessRole,en,SOCRM
create,sfdctest61@nvidia.com,SOCRMAccessRole,en,SOCRM
create,sfdctest62@nvidia.com,SOCRMAccessRole,en,SOCRM
create,sfdctest63@nvidia.com,SOCRMAccessRole,en,SOCRM
create,sfdctest64@nvidia.com,SOCRMAccessRole,en,SOCRM
create,sfdctest65@nvidia.com,SOCRMAccessRole,en,SOCRM
create,sfdctest66@nvidia.com,SOCRMAccessRole,en,SOCRM
create,sfdctest67@nvidia.com,SOCRMAccessRole,en,SOCRM
create,sfdctest68@nvidia.com,SOCRMAccessRole,en,SOCRM
create,sfdctest69@nvidia.com,SOCRMAccessRole,en,SOCRM
create,sfdctest70@nvidia.com,SOCRMAccessRole,en,SOCRM
create,sfdctest71@nvidia.com,SOCRMAccessRole,en,SOCRM
create,sfdctest72@nvidia.com,SOCRMAccessRole,en,SOCRM
create,sfdctest73@nvidia.com,SOCRMAccessRole,en,SOCRM
create,sfdctest74@nvidia.com,SOCRMAccessRole,en,SOCRM
create,sfdctest75@nvidia.com,SOCRMAccessRole,en,SOCRM
create,sfdctest76@nvidia.com,SOCRMAccessRole,en,SOCRM
create,sfdctest77@nvidia.com,SOCRMAccessRole,en,SOCRM
create,sfdctest78@nvidia.com,SOCRMAccessRole,en,SOCRM
create,sfdctest79@nvidia.com,SOCRMAccessRole,en,SOCRM
create,sfdctest80@nvidia.com,SOCRMAccessRole,en,SOCRM
create,sfdctest81@nvidia.com,SOCRMAccessRole,en,SOCRM
create,sfdctest82@nvidia.com,SOCRMAccessRole,en,SOCRM
create,sfdctest83@nvidia.com,SOCRMAccessRole,en,SOCRM
create,sfdctest84@nvidia.com,SOCRMAccessRole,en,SOCRM
create,sfdctest85@nvidia.com,SOCRMAccessRole,en,SOCRM
create,sfdctest86@nvidia.com,SOCRMAccessRole,en,SOCRM
create,sfdctest87@nvidia.com,SOCRMAccessRole,en,SOCRM
create,sfdctest88@nvidia.com,SOCRMAccessRole,en,SOCRM
create,sfdctest89@nvidia.com,SOCRMAccessRole,en,SOCRM
create,sfdctest90@nvidia.com,SOCRMAccessRole,en,SOCRM
create,sfdctest91@nvidia.com,SOCRMAccessRole,en,SOCRM
create,sfdctest92@nvidia.com,SOCRMAccessRole,en,SOCRM
create,sfdctest93@nvidia.com,SOCRMAccessRole,en,SOCRM
create,sfdctest94@nvidia.com,SOCRMAccessRole,en,SOCRM
create,sfdctest95@nvidia.com,SOCRMAccessRole,en,SOCRM
create,sfdctest96@nvidia.com,SOCRMAccessRole,en,SOCRM
create,sfdctest97@nvidia.com,SOCRMAccessRole,en,SOCRM
create,sfdctest98@nvidia.com,SOCRMAccessRole,en,SOCRM
create,sfdctest99@nvidia.com,SOCRMAccessRole,en,SOCRM
create,sfdctest100@nvidia.com,SOCRMAccessRole,en,SOCRM
